{"chunk_definitions":[{"row":44,"row_count":1,"visible":true,"expansion_state":0,"options":{"engine":"r","label":"setup","include":false},"document_id":"9BD697FD","chunk_id":"csetup_chunk","chunk_label":"setup"},{"row":57,"row_count":1,"visible":true,"expansion_state":0,"options":{"engine":"r","label":"packages","include":false},"document_id":"9BD697FD","chunk_id":"c031cbf3uoxf6","chunk_label":"packages"},{"row":281,"row_count":1,"visible":true,"expansion_state":0,"options":{"engine":"r","label":"Flow Char Datenzuweisung"},"document_id":"9BD697FD","chunk_id":"cofj27hdm7ux0","chunk_label":"unnamed-chunk-1"},{"row":354,"row_count":1,"visible":true,"expansion_state":0,"options":{"engine":"r","label":"Ausgewählte Unternehmen function","results":"hide"},"document_id":"9BD697FD","chunk_id":"c2nprlyetf57w","chunk_label":"Ausgewählte Unternehmen und basics Zuweisung"},{"row":605,"row_count":1,"visible":true,"expansion_state":0,"options":{"engine":"r","label":"Stock chart vergleich"},"document_id":"9BD697FD","chunk_id":"ckv5czfhwu9zg","chunk_label":"Stock chart vergleich"}],"doc_write_time":1663247616,"working_dir":null,"default_chunk_options":{}}