"0","# Es wird ein Unternehmen ausgewählt, welches einer genaueren "
"0","# Betrachtung unterzogen werden soll"
"0","ticker <- ""NKE"""
"0","Ticker <- data.frame(ticker)"
"0",""
"0","# Da die Daten im ersten scraping durchgang nicht einheitlich sind, da Zeit"
"0","# bei den Banken gespart werden soll, müssen hier die Geschäftszahlen "
"0","# erneut gescraped und die Berechnungen angewand werden"
"0","Stock <- basics_assignement(Ticker)"
"1","[1]"
"1"," ""assining Industry 1 of 1 to NIKE, Inc."""
"1","
"
"1","[1]"
"1"," ""assining Currency 1 of 1 to NIKE, Inc."""
"1","
"
"1","[1]"
"1"," ""assining Price 1 of 1 to NIKE, Inc."""
"1","
"
"1","[1]"
"1"," ""calculating and assining P/E 1 of 1 to NIKE, Inc."""
"1","
"
"0","scraped_DCF_data <- lapply(ticker, DCF_data_scraper)"
"1","[1]"
"1"," ""assingning urls and loading HTML"""
"1","
"
"1","[1]"
"1"," ""extracting Revenue"""
"1","
"
"1","[1]"
"1"," ""extracting Projected Revenue and number of Analysts"""
"1","
"
"1","[1]"
"1"," ""extracting EBIT"""
"1","
"
"1","[1]"
"1"," ""extracting income tax expense"""
"1","
"
"1","[1]"
"1"," ""extracting Depreciation & Amortization"""
"1","
"
"1","[1]"
"1"," ""extracting Capital Expenditure"""
"1","
"
"1","[1]"
"1"," ""extracting Market Cap"""
"1","
"
"1","[1]"
"1"," ""extracting 10 Year Bond Rates"""
"1","
"
"1","[1]"
"1"," ""extracting Beta"""
"1","
"
"1","[1]"
"1"," ""extracting equity risk premium"""
"1","
"
"1","[1]"
"1"," ""extracting current Debt"""
"1","
"
"1","[1]"
"1"," ""extracting long term Debt"""
"1","
"
"1","[1]"
"1"," ""extracting Interest Expense"""
"1","
"
"1","[1]"
"1"," ""extracting Outstanding Shares"""
"1","
"
"1","[1]"
"1"," ""extracting pre income tax"""
"1","
"
"0","DCF_calc_data <- DCF_calculation()"
"0","WACC_data <- WACC_calculation()"
"0",""
"0","# ermöglicht kürzere variablen namen für den zugriff auf Daten"
"0","attach(DCF_calc_data$calended_data)"
"0",""
"0","DCF_data_CYE <- data.frame(DCF_calc_data$calended_data[2:9])"
"0","# stellt alle Daten in Millionen $ dar"
"0","DCF_data_CYE <- round(DCF_data_CYE[1:8]/1000000)"
"0","# Wachstunmsrate des Revnues"
"0","p_growth_Rev <- c(""-"", (TotalRevenue[2:9]/TotalRevenue[1:8]-1))"
"0","# Fügt die col nach der col mit dem namen TotalRevenue ein"
"0","DCF_data_CYE <- add_column(DCF_data_CYE, p_growth_Rev = p_growth_Rev,"
"0","                           .after = ""TotalRevenue"")"
"0","# Berechnet den Operating Margin"
"0","Operating_Margin <- EBIT[1:9]/TotalRevenue[1:9]"
"0","DCF_data_CYE <- add_column(DCF_data_CYE, Operating_Margin = Operating_Margin,"
"0","                           .after = ""EBIT"")"
"0","# Anteil der Steuern am EBIT"
"0","p_of_EBIT <- IncTaxEx[1:9]/EBIT[1:9]"
"0","DCF_data_CYE <- add_column(DCF_data_CYE, p_of_EBIT = p_of_EBIT,"
"0","                           .after = ""IncTaxEx"")"
"0","# Anteil der D&A am Revenue"
"0","DandA_p_of_Rev <- DandA[1:9]/TotalRevenue[1:9]"
"0","DCF_data_CYE <- add_column(DCF_data_CYE, DandA_p_of_Rev = DandA_p_of_Rev,"
"0","                           .after = ""DandA"")"
"0","# Anteil der CapEx am Revenue"
"0","CapEx_p_of_Rev <- CAPEX[1:9]/TotalRevenue[1:9]"
"0","DCF_data_CYE <- add_column(DCF_data_CYE, CapEx_p_of_Rev = CapEx_p_of_Rev,"
"0","                           .after = ""CAPEX"")"
"0","# Anteil der change in NWC am Revenue"
"0","cNWC_p_of_Rev <- cNWC[1:9]/TotalRevenue[1:9]"
"0","DCF_data_CYE <- add_column(DCF_data_CYE, cNWC_p_of_Rev = cNWC_p_of_Rev,"
"0","                           .after = ""cNWC"")"
"0","# Wachstumsrate des FCF"
"0","p_growth_FCF <- c(""-"", (FCF[2:9]/FCF[1:8]-1))"
"0","DCF_data_CYE <- add_column(DCF_data_CYE, p_growth_FCF = p_growth_FCF,"
"0","                           .after = ""FCF"")"
"0","# Present value of FCF"
"0","pres_val_of_FCF <- c(rep(NA,4),round((FCF[5:9]/"
"0","              (1+WACC_data$T0_cal$RRR)^as.numeric(DiscountYear[5:9])/1000000)))"
"0","pres_val_of_FCF <- data.frame(pres_val_of_FCF)"
"0","DCF_data_CYE <- bind_cols(DCF_data_CYE,pres_val_of_FCF)"
"0","# detach die Daten wieder, damit keine Maskierung entstht"
"0","detach(DCF_calc_data$calended_data)"
"0",""
"0","# entfernt die ersten beiden Reihen"
"0","DCF_data_CYE <- DCF_data_CYE[3:9,]"
"0","# wandelt nicht numerische charaktere in numerische um"
"0","DCF_data_CYE$p_growth_Rev <- as.numeric(DCF_data_CYE$p_growth_Rev)"
"0","DCF_data_CYE$p_growth_FCF <- as.numeric(DCF_data_CYE$p_growth_FCF)"
"0","# dreht tabelle, damit die col jetzt rows sind"
"0","DCF_data_CYE <- t(DCF_data_CYE)"
"0",""
"0","# erstellt einen dataframe für die Jahre "
"0","Year <- DCF_calc_data$calended_data$Year[3:4]"
"0","Year <- c(Year, paste0(Year[2]+1, ""E""), paste0(Year[2]+2, ""E""),"
"0","          paste0(Year[2]+3, ""E""), paste0(Year[2]+4, ""E""), paste0(Year[2]+5, ""E""))"
"0","colnames(DCF_data_CYE) <- Year"
"0",""
"0","# erstellt den Vektor Year mit den gewünschten Namen der Rows"
"0","Year <- c(""Revenue"",""growth y-o-y"", ""EBIT"", ""Operating margin"", "
"0","                             ""Taxes"",""% of EBIT"", ""D&A"", ""% of revenue"", ""CapEx"","
"0","                             ""% of revenue"", ""Change in NWC"", ""% of revenue"","
"0","                             ""EBIAT"", ""uFCF"", ""growth y-o-y"",  ""Present value of FCF"" )"
"0",""
"0","# wandelt den data frame in einen tibble um, dieser kann mit dem gt packege als "
"0","# schöne tabellen dargestellt werden und fügt die col Year am beginn des tibble"
"0","# ein"
"0","DCF_data_CYE <- as_tibble(DCF_data_CYE)"
"0","DCF_data_CYE <- DCF_data_CYE %>% add_column(Year, .before = ""2021"")"
"0",""
"0","# erstellt aus dem tibble eine Tabelle"
"0","DCF_table_CYE <- gt(DCF_data_CYE)"
"0",""
"0","# veränderungen an der Tabelle"
"0","DCF_table_CYE <- "
"0","  DCF_table_CYE %>%"
"0","  # gibt der Tabelle einen Titel und Untertitel, mit glue können Variablen "
"0","  # eingefügt werden, ähnlich wie mit paste, jedoch kürzer bei mehreren, hier"
"0","  # eventuell unnötig"
"0","  tab_header("
"0","    title = glue(""{Stock$list$Company} Discounted Cash Flow""),"
"0","    subtitle = glue(""{Stock$list$Currency} in millions"")"
"0","  ) %>%"
"0","  # wandelt die Daten in den cols und rows in % um und rundet diese auf eine"
"0","  # Nachkommastelle"
"0","  fmt_percent("
"0","    columns = c(2:8),"
"0","    rows = c(2,4,6,8,10,12,15),"
"0","    decimals = 1"
"0","  ) %>%"
"0","  # Fügt den Daten in den cols und rows ein $ hinzu und rundet diese auf 0"
"0","  # Nachkommastelle"
"0","    fmt_currency("
"0","    columns = c(2:8),"
"0","    rows = c(1,3,5,7,9,11,13,14,16),"
"0","    currency = ""USD"","
"0","    decimals = 0"
"0","    ) %>% "
"0","  # erlaubt das Färben von Zellen "
"0","  tab_style("
"0","    style = list("
"0","      cell_fill(color = ""deepskyblue2"")"
"0","    ),"
"0","    # Fräbt Zellen in den angegeben cols und rows"
"0","    locations = cells_body("
"0","      columns = c(2:8),"
"0","      rows = 14)"
"0","  ) %>%"
"0","  tab_style("
"0","    style = list("
"0","      cell_fill(color = ""deepskyblue2"")"
"0","    ),"
"0","    # Fräbt Zellen in den angegeben cols und rows"
"0","    locations = cells_body("
"0","      columns = c(4:8), "
"0","      rows = 16)"
"0",")"
"0","rm(Year,start_date,p_of_EBIT,p_growth_Rev,p_growth_FCF,Operating_Margin,droping,"
"0","   DandA_p_of_Rev,cNWC_p_of_Rev,CapEx_p_of_Rev, ticker)"
"0","DCF_table_CYE"
