"0","# Die Top 4 Akiten (Top 2 DCF und Top 2 P/B) werden dem data frame entommen"
"0",""
"0","# welcher unter dem aktuellen Preis liegt"
"0","picks_DCF_ISP <- Stocks[Stocks$Price < Stocks$DCF_ISP,]"
"0",""
"0","# entfern alle reihen mit NAs, was dazu führt, dass Banken entfernt werden"
"0","picks_DCF_ISP <- picks_DCF_ISP %>% drop_na()"
"0",""
"0","# berechnet den Prozentsatz mit welcher das Unternehmen unter dem aktuellen"
"0","# Aktienkurs liegt"
"0","p_under_DCF_ISP <- (1-round(picks_DCF_ISP$Price/picks_DCF_ISP$DCF_ISP, 2))*100"
"0","p_under_DCF_ISP <- data.frame(p_under_DCF_ISP)"
"0",""
"0","# erstellt einen data frame aus den Prozentsätzen und den gewählten Unternehmen"
"0","picks_DCF_ISP<- bind_cols(picks_DCF_ISP,p_under_DCF_ISP)"
"0",""
"0","# sortiert den data frame absteigend nach dem größten Unterschied zum Aktienkurs"
"0","# zuerst"
"0","picks_DCF_ISP <- picks_DCF_ISP %>%"
"0","  arrange(desc(p_under_DCF_ISP))"
"0",""
"0","# entfernt alles bis auf die ersten beiden Reihen   "
"0","picks_DCF_ISP <- slice(picks_DCF_ISP,1:2)"
"0",""
"0",""
"0","# entnimmt dem data frame Stocks alle Banken und alle Unternehmen mit einer"
"0","# P/B ration zwischen 0 und 1.5"
"0","picks_fin <- Stocks %>% filter("
"0","  Industry == ""Banks—Diversified"" | Industry == ""Capital Markets"")"
"0","picks_fin <- picks_fin[picks_fin$PB < 1.5,]"
"0","picks_fin <- picks_fin[picks_fin$PB > 0,]"
"0",""
"0","# sortiert nach P/B von niedrig nach hoch und trennt die ersten 2 Reihen ab"
"0","picks_fin <- picks_fin %>%"
"0","  arrange(PB)"
"0","picks_fin <- slice(picks_fin,1:2)"
"0",""
"0","# erstellt einen kombinierten data frame der picks und entfernt die col"
"0","# der prozentsätze"
"0","picks <- data.frame(picks_DCF_ISP)"
"0","picks <- bind_rows(picks, picks_fin)"
"0","droping <- ""p_under_DCF_ISP"""
"0","picks <- picks[ , !(names(picks) %in% droping)]"
"0",""
"0","# da durch die umsortierung die reihen namen durcheinander gekommen sind, werden"
"0","# diese umbeannt"
"0","rownames(picks)<- c(1:nrow(picks))"
"0",""
"0","# col namen werden umbenannt, würde auch wie die row namen "
"0","# oben funktionieren, jedoch wird durch dieses verfahren eine col nur umbenannt "
"0","# wenn diese mit ihrem Namen exisitiert"
"0","picks <- picks %>% "
"0","    rename("
"0","      ""P/E"" = PE,"
"0","      ""Implied share value"" = DCF_ISP,"
"0","      ""P/B"" = PB"
"0","    )"
"0","# entfernt alle nicht mehr benötigten Datensätze und Variablen"
"0","rm(p_under_DCF_ISP,picks_DCF_ISP,picks_fin)"
