{"chunk_definitions":[{"row":45,"row_count":1,"visible":true,"expansion_state":0,"options":{"engine":"r","label":"setup","include":false},"document_id":"9BD697FD","chunk_id":"csetup_chunk","chunk_label":"setup"},{"row":58,"row_count":1,"visible":true,"expansion_state":0,"options":{"engine":"r","label":"packages","include":false},"document_id":"9BD697FD","chunk_id":"c031cbf3uoxf6","chunk_label":"packages"},{"row":328,"row_count":1,"visible":true,"expansion_state":0,"options":{"engine":"r","label":"Anwendung des DCF Scrapers und Berechnungen","results":"hide"},"document_id":"9BD697FD","chunk_id":"cffxvxjzbio1l","chunk_label":"Anwendung des DCF Scrapers und Berechnungen"},{"row":391,"row_count":1,"visible":true,"expansion_state":0,"options":{"engine":"r","label":"Auswahl der besten Aktien"},"document_id":"9BD697FD","chunk_id":"ch3lilcmeldf6","chunk_label":"Auswahl der besten Aktien"}],"doc_write_time":1663168504,"chunk_rendered_width":655,"working_dir":null,"default_chunk_options":{"echo":true,"warning":false}}