"0","# Berechnet die ISP daten"
"0","ISP_data <- Imp_Share_Price_calculation()"
"0",""
"0","attach(ISP_data)"
"0","attach(scraped_DCF_data[[1]]$T0Data)"
"0","attach(Stock$list)"
"0","# berechnet den Discount zwischen Preis und ISP"
"0","Discount <- 1-as.numeric(Price)/ISP"
"0","Discount <- data.frame(Discount)"
"0","PTermValue <- data.frame(PTermValue)"
"0","EntpriVal <- data.frame(EntpriVal)"
"0","EquValue <- data.frame(EquValue)"
"0","floatshares <- data.frame(floatshares)"
"0","ISP <- data.frame(ISP[1])"
"0","Price <- data.frame(Price)"
"0","Tot_PV_p_FCF <- sum(as.numeric(PUnlevFCF))"
"0","Tot_PV_p_FCF <- data.frame(Tot_PV_p_FCF)"
"0","detach(ISP_data)"
"0","detach(scraped_DCF_data[[1]]$T0Data)"
"0","detach(Stock$list)"
"0",""
"0","# Berechnet den summierten present value des FCF"
"0",""
"0","PPS_data <- bind_cols(Tot_PV_p_FCF,PTermValue,EntpriVal,EquValue,"
"0","                      floatshares, ISP, Price, Discount )"
"0",""
"0","PPS_data$Price <- as.numeric(PPS_data[7])"
"0","# Stellt die Zahlen in millionen dar"
"0","PPS_data[1:5] <- round(PPS_data[1:5]/1000000)"
"0","# dreht die den data frame "
"0","PPS_data <- t(PPS_data)"
"0","# weist der Varibalen das aktuelle Jahr zu(ohne Monat und Tag)"
"0","curYear <- format(Sys.Date())"
"0","curYear <- year(curYear)"
"0",""
"0","colnames(PPS_data) <- curYear"
"0","Year <- c(""Total PV of proj. FCF"", ""PV Terminal VAlue"", ""Enterprise Value"","
"0","          ""Equity Value"", ""Shares outstanding"", ""Implied Share Price"", "
"0","          ""Current Share Price"", ""Discount"")"
"0",""
"0","# erstellt einen tibble und erweitert den data frame um das aktuelle Jahr"
"0","PPS_data <- as_tibble(PPS_data)"
"0","PPS_data <- PPS_data %>% add_column(Year, .before = ""2022"")"
"0",""
"0","# erstellt mit gt eine schöne Tabelle"
"0","PPS_table <- gt(PPS_data)"
"0",""
"0","# Veränderungen an der Tabelle"
"0","PPS_table <- "
"0","  PPS_table %>%"
"0","  tab_header("
"0","    # erstellt einen Titel und Untetitel"
"0","    title = ""Price per Share"","
"0","    subtitle = glue(""Numbers in millions, unless otherwise stated"")"
"0","  ) %>%"
"0","  # stellt die Zahlen der Zellen in Prozent mit einer Nachkommastelle dar"
"0","  fmt_percent("
"0","    columns = `2022`,"
"0","    rows = 8,"
"0","    decimals = 1"
"0","  ) %>%"
"0","  # weist den Zahlen der Zellen ein Dollarzeichen zu"
"0","    fmt_currency("
"0","    columns = `2022`,"
"0","    rows = c(1,2,3,4,6,7),"
"0","    currency = ""USD"","
"0","    decimals = 0"
"0","    )  %>%"
"0","  tab_footnote("
"0","    # weist den Zahlen der Zellen eine Fußnote zu"
"0","    footnote = ""not in millions"","
"0","    locations = cells_body("
"0","    columns = 1, "
"0","    rows = 6:8)"
"0","  ) %>%"
"0","  # fräbt die Zelle ein"
"0","tab_style("
"0","    style = list("
"0","      cell_fill(color = ""deepskyblue2"")"
"0","    ),"
"0","    locations = cells_body("
"0","      columns = c(2),"
"0","      rows = 6)"
"0",")"
"0",""
"0","rm(curYear, Discount, Tot_PV_p_FCF)"
"0",""
