"0","# Vergleich von Nike mit dem SP500 und zwei Wettbewerbern"
"0","ticker <- c(""NKE"", ""^GSPC"",""ADDYY"", ""UA"" )"
"0",""
"0","# Zählt 5 Jahre zurück  "
"0","start_date <- ymd(format(Sys.Date())) - years(5)"
"0",""
"0","# erstellt ein Datum für jedes Jahr der letzten 5 Jahre bis Heute"
"0","start_date <- start_date + days(3)"
"0","year1 <- start_date + years(1) "
"0","year2 <- start_date + years(2) "
"0","year3 <- start_date + years(3) + days(3)"
"0","year4 <- start_date + years(4) + days(3)"
"0","lastdate <- ymd(format(Sys.Date())) - days(2)"
"0",""
"0","# entnimmt die Preise für die eingefügten Ticker (incl. Volumen)"
"0","prices <- tq_get(ticker,"
"0","                 from = start_date,"
"0","                 to = format(Sys.Date()),"
"0","                 get = ""stock.prices"")"
"0",""
"0","# ändert den col Namen symbol zu ticker"
"0","prices <- prices %>% "
"0","    rename("
"0","      ticker = symbol,"
"0","    )"
"0","# erstellt einen data frame mit den Preisen der letzten 5 Jahr eim Jahresabstand"
"0","# Achtung fehleranfällig wenn das das Datum nicht im df prices vorkommt"
"0","return_rate_d <- prices[prices$date == start_date, ]"
"0","return_rate_d <- bind_rows(return_rate_d, prices[prices$date == year1, ], "
"0","               prices[prices$date == year2, ], "
"0","               prices[prices$date == year3, ],"
"0","               prices[prices$date == year4, ],"
"0","               prices[prices$date == lastdate, ])"
"0",""
"0","# berechnet mit den Preisen des df return_rate_ddie return rate "
"0","# für die Unternehmen"
"0","return_rate_NKE <- return_rate_d[return_rate_d$ticker == ""NKE"", ]"
"0","return_rate_NKE <- (return_rate_NKE$adjusted[2:6]-"
"0","                    return_rate_NKE$adjusted[1:5])/return_rate_NKE$adjusted[1:5]"
"0",""
"0","return_rate_SP500 <- return_rate_d[return_rate_d$ticker == ""^GSPC"", ]"
"0","return_rate_SP500 <- (return_rate_SP500$adjusted[2:6]-"
"0","                return_rate_SP500$adjusted[1:5])/return_rate_SP500$adjusted[1:5]"
"0",""
"0","return_rate_adi <- return_rate_d[return_rate_d$ticker == ""ADDYY"", ]"
"0","return_rate_adi <- (return_rate_adi$adjusted[2:6]-"
"0","                    return_rate_adi$adjusted[1:5])/return_rate_adi$adjusted[1:5]"
"0",""
"0","return_rate_ua <- return_rate_d[return_rate_d$ticker == ""UA"", ]"
"0","return_rate_ua <- (return_rate_ua$adjusted[2:6]-"
"0","                     return_rate_ua$adjusted[1:5])/return_rate_ua$adjusted[1:5]"
"0","# die Variable x stellt den eingestzten Wert ein, um das Wachstum der Unternehmen"
"0","# und SP500 zu vergleichen"
"0","x <- 1000"
"0",""
"0","# Berechnet den Return der Unternehmen und des SP500 mit einem Startwert von"
"0","# 1000 $"
"0","m_return_NKE <- c(x, x*return_rate_NKE[1]+x, (x*return_rate_NKE[1]+x)*return_rate_NKE[2]+(x*return_rate_NKE[1]+x))"
"0","m_return_NKE <- c(m_return_NKE, m_return_NKE[3]*return_rate_NKE[3]+m_return_NKE[3])"
"0","m_return_NKE <- c(m_return_NKE, m_return_NKE[4]*return_rate_NKE[4]+m_return_NKE[4])"
"0","m_return_NKE <- c(m_return_NKE, m_return_NKE[5]*return_rate_NKE[5]+m_return_NKE[5])"
"0","m_return_NKE <- data.frame(m_return_NKE)"
"0",""
"0","m_return_SP500 <- c(x, x*return_rate_SP500[1]+x, (x*return_rate_SP500[1]+x)*return_rate_SP500[2]+(x*return_rate_SP500[1]+x))"
"0","m_return_SP500 <- c(m_return_SP500, m_return_SP500[3]*return_rate_SP500[3]+m_return_SP500[3])"
"0","m_return_SP500 <- c(m_return_SP500, m_return_SP500[4]*return_rate_SP500[4]+m_return_SP500[4])"
"0","m_return_SP500 <- c(m_return_SP500, m_return_SP500[5]*return_rate_SP500[5]+m_return_SP500[5])"
"0","m_return_SP500 <- data.frame(m_return_SP500)"
"0",""
"0","m_return_adi <- c(x, x*return_rate_adi[1]+x, (x*return_rate_adi[1]+x)*return_rate_adi[2]+(x*return_rate_adi[1]+x))"
"0","m_return_adi <- c(m_return_adi, m_return_adi[3]*return_rate_adi[3]+m_return_adi[3])"
"0","m_return_adi <- c(m_return_adi, m_return_adi[4]*return_rate_adi[4]+m_return_adi[4])"
"0","m_return_adi <- c(m_return_adi, m_return_adi[5]*return_rate_adi[5]+m_return_adi[5])"
"0","m_return_adi <- data.frame(m_return_adi)"
"0",""
"0","m_return_ua <- c(x, x*return_rate_ua[1]+x, (x*return_rate_ua[1]+x)*return_rate_ua[2]+(x*return_rate_ua[1]+x))"
"0","m_return_ua <- c(m_return_ua, m_return_ua[3]*return_rate_ua[3]+m_return_ua[3])"
"0","m_return_ua <- c(m_return_ua, m_return_ua[4]*return_rate_ua[4]+m_return_ua[4])"
"0","m_return_ua <- c(m_return_ua, m_return_ua[5]*return_rate_ua[5]+m_return_ua[5])"
"0","m_return_ua <- data.frame(m_return_ua)"
"0",""
"0","Year <- year(c(start_date,year1,year2,year3,year4,lastdate))"
"0","Year <- data.frame(Year)"
"0",""
"0","# erstellt einen df aus den variablen der returns, kurzzeitig ungünstige col"
"0","# namen"
"0","return_df <- bind_cols(Year, m_return_NKE, m_return_SP500, m_return_adi, m_return_ua)"
"0",""
"0","return_df <- return_df %>% "
"0","    rename("
"0","      Nike = m_return_NKE,"
"0","      SP500 = m_return_SP500,"
"0","      Adidas = m_return_adi,"
"0","      UA = m_return_ua"
"0","    )"
"0",""
"0","# wandelt den df um"
"0","mel_return_df <- reshape2::melt(return_df, id.var = ""Year"")"
"0","mel_return_df$value <- round(mel_return_df$value)"
"0",""
"0","# entnimmt dem df nur die Werte des aktuellen Jahres und zieht das"
"0","# eingesetzte Investment ab"
"0","return_to_date <- return_df[return_df$Year == ""2022"", ]"
"0","return_to_date <- return_to_date[2:5]-1000"
"0",""
"0","# Berechnet den Jährlichen Return über die letzten 5 Jahre"
"0","avg_RR <- ((return_to_date[1:4]/1000*100)/5)"
"0",""
"0","return_to_date <- bind_rows(return_to_date,avg_RR)"
"0","# dreht die Tabelle durch verschieben der cols zu rows "
"0","return_to_date <- t(round(return_to_date,2))"
"0",""
"0","colnames(return_to_date) <- c(""return in $"",""Yearly avg. return [%]"")"
"0",""
"0","# weißt der variable ein das minimal theme zu, damit dieses im folgenden graphen"
"0","# auf die in den Graphen eingefügte Tabelle angewandt werden kann, was die Optik"
"0","# verbessert"
"0","tt2 <- ttheme_minimal()"
"0","# erstellt ein Diagramm für das return auf ein investment von 1000 $"
"0","return_plot <- mel_return_df %>%"
"0","          ggplot(aes(x = Year, y = value, color = variable)) +"
"0","          # Liniendiagramm"
"0","          geom_line()+"
"0","          # zusätzlich Punkte zu besseren veranschaulichung der Daten"
"0","          geom_point()+#"
"0","          theme_classic()+"
"0","          theme(legend.position=""top"","
"0","          legend.title=element_blank())+"
"0","          labs(x = 'Year',"
"0","           y = ""Return in USD"","
"0","           title = ""Return on investment of 1000$"")+"
"0","        # fügt den df return_to_date mit dem theme tt2 in den plot ein"
"0","        annotation_custom(tableGrob(return_to_date, theme = tt2),"
"0","                    xmin=2018.2, xmax=2018.3, ymin=2000, ymax=3000)"
"0",""
"0",""
