{"chunk_definitions":[{"row":44,"row_count":1,"visible":true,"expansion_state":0,"options":{"engine":"r","label":"setup","include":false},"document_id":"9BD697FD","chunk_id":"csetup_chunk","chunk_label":"setup"},{"row":57,"row_count":1,"visible":true,"expansion_state":0,"options":{"engine":"r","label":"packages","include":false},"document_id":"9BD697FD","chunk_id":"c031cbf3uoxf6","chunk_label":"packages"},{"row":281,"row_count":1,"visible":true,"expansion_state":0,"options":{"engine":"r","label":"Flow Char Datenzuweisung"},"document_id":"9BD697FD","chunk_id":"cofj27hdm7ux0","chunk_label":"unnamed-chunk-1"},{"row":319,"row_count":1,"visible":true,"expansion_state":0,"options":{"engine":"r","label":"Flow Chart"},"document_id":"9BD697FD","chunk_id":"cfde8a77zo0fn","chunk_label":"Flow Chart"},{"row":354,"row_count":1,"visible":true,"expansion_state":0,"options":{"engine":"r","label":"Ausgewählte Unternehmen und basics Zuweisung","results":"hide"},"document_id":"9BD697FD","chunk_id":"c5kyvg0ztp93r","chunk_label":"Ausgewählte Unternehmen und basics Zuweisung"},{"row":456,"row_count":1,"visible":true,"expansion_state":0,"options":{"engine":"r","label":"Anwendung des DCF Scrapers und Berechnungen","results":"hide"},"document_id":"9BD697FD","chunk_id":"cajfl8u2fq02z","chunk_label":"Anwendung des DCF Scrapers und Berechnungen"},{"row":536,"row_count":1,"visible":true,"expansion_state":0,"options":{"engine":"r","label":"Auswahl der besten Aktien"},"document_id":"9BD697FD","chunk_id":"czi34r606ulqt","chunk_label":"Auswahl der besten Aktien"},{"row":605,"row_count":1,"visible":true,"expansion_state":0,"options":{"engine":"r","label":"Stock chart vergleich"},"document_id":"9BD697FD","chunk_id":"cs8uhg9hlf8sf","chunk_label":"Stock chart vergleich"},{"row":753,"row_count":1,"visible":true,"expansion_state":0,"options":{"engine":"r","label":"Cash Flow Table","results":"hide"},"document_id":"9BD697FD","chunk_id":"c3ghiesrfjkjg","chunk_label":"Cash Flow Table"},{"row":843,"row_count":1,"visible":true,"expansion_state":0,"options":{"engine":"r","label":"Price per Share Table"},"document_id":"9BD697FD","chunk_id":"clctqcfv9gpib","chunk_label":"Price per Share Table"},{"row":886,"row_count":1,"visible":true,"expansion_state":0,"options":{"engine":"r","label":"Revenue and EBIT Bar Graph","results":"hide"},"document_id":"9BD697FD","chunk_id":"ce3r5qa4fcxx3","chunk_label":"Revenue and EBIT Bar Graph"},{"row":1034,"row_count":1,"visible":true,"expansion_state":0,"options":{"engine":"r","label":"Nike, S$P500 and Competitors"},"document_id":"9BD697FD","chunk_id":"cdzo5on8979hg","chunk_label":"Nike"},{"row":1097,"row_count":1,"visible":true,"expansion_state":0,"options":{"engine":"r","label":"Zusammenfassung"},"document_id":"9BD697FD","chunk_id":"coesi418adix2","chunk_label":"unnamed-chunk-2"},{"row":1116,"row_count":1,"visible":true,"expansion_state":0,"options":{"engine":"r","label":"Multiplot"},"document_id":"9BD697FD","chunk_id":"ch1fqx87dpoi6","chunk_label":"Multiplot"},{"row":1134,"row_count":1,"visible":true,"expansion_state":0,"options":{"engine":"r","label":"Revenue und EBIT barchart"},"document_id":"9BD697FD","chunk_id":"c81l2muvoo5k5","chunk_label":"Revenue und EBIT barchart"},{"row":1145,"row_count":1,"visible":true,"expansion_state":0,"options":{"engine":"r","label":"Return vergleich"},"document_id":"9BD697FD","chunk_id":"c2sbdyfcn5gg6","chunk_label":"Return vergleich"},{"row":1155,"row_count":1,"visible":true,"expansion_state":0,"options":{"engine":"r","label":"Tabellen und Plots"},"document_id":"9BD697FD","chunk_id":"c1x1bx54pjopj","chunk_label":"Tabellen und Plots"}],"doc_write_time":1663287590,"working_dir":null,"default_chunk_options":{"echo":true,"warning":false},"chunk_rendered_width":649}