{"chunk_definitions":[{"row":45,"row_count":1,"visible":true,"expansion_state":0,"options":{"engine":"r","label":"setup","include":false},"document_id":"9BD697FD","chunk_id":"csetup_chunk","chunk_label":"setup"},{"row":58,"row_count":1,"visible":true,"expansion_state":0,"options":{"engine":"r","label":"packages","include":false},"document_id":"9BD697FD","chunk_id":"c031cbf3uoxf6","chunk_label":"packages"},{"row":252,"row_count":1,"visible":true,"expansion_state":0,"options":{"engine":"r","label":"Ausgewählte Unternehmen function","results":"hide"},"document_id":"9BD697FD","chunk_id":"c2ejitxaa84sx","chunk_label":"Ausgewählte Unternehmen function"},{"row":294,"row_count":1,"visible":true,"expansion_state":0,"options":{"engine":"r","label":"Flow Char Datenzuweisung"},"document_id":"9BD697FD","chunk_id":"cvaib4toktqwm","chunk_label":"unnamed-chunk-1"},{"row":366,"row_count":1,"visible":true,"expansion_state":0,"options":{"engine":"r","label":"Anwendung des DCF Scrapers und Berechnungen","results":"hide"},"document_id":"9BD697FD","chunk_id":"cufhhk3em1yjq","chunk_label":"Anwendung des DCF Scrapers und Berechnungen"},{"row":429,"row_count":1,"visible":true,"expansion_state":0,"options":{"engine":"r","label":"Auswahl der besten Aktien"},"document_id":"9BD697FD","chunk_id":"cxfd0ft743vf2","chunk_label":"Auswahl der besten Aktien"},{"row":462,"row_count":1,"visible":true,"expansion_state":0,"options":{"engine":"r","label":"Flow Chart"},"document_id":"9BD697FD","chunk_id":"chb3w6j21ztw3","chunk_label":"Flow Chart"},{"row":517,"row_count":1,"visible":true,"expansion_state":0,"options":{"engine":"r","label":"Stock chart comperisisson"},"document_id":"9BD697FD","chunk_id":"cuwezyr9uqmv6","chunk_label":"Stock chart comperisisson"},{"row":652,"row_count":1,"visible":true,"expansion_state":0,"options":{"engine":"r","label":"Cash Flow Table","results":"hide"},"document_id":"9BD697FD","chunk_id":"cjegcj2u26rxe","chunk_label":"Cash Flow Table"},{"row":743,"row_count":1,"visible":true,"expansion_state":0,"options":{"engine":"r","label":"Price per Share Table"},"document_id":"9BD697FD","chunk_id":"cn6z91iz4puzd","chunk_label":"Price per Share Table"},{"row":777,"row_count":1,"visible":true,"expansion_state":0,"options":{"engine":"r","label":"Revenue and EBIT Bar Graph","results":"hide"},"document_id":"9BD697FD","chunk_id":"ca1up9p11gnow","chunk_label":"Revenue and EBIT Bar Graph"},{"row":918,"row_count":1,"visible":true,"expansion_state":0,"options":{"engine":"r","label":"Nike, S$P500 and Competitors"},"document_id":"9BD697FD","chunk_id":"cda0wtzbybxyr","chunk_label":"Nike"},{"row":981,"row_count":1,"visible":true,"expansion_state":0,"options":{"engine":"r","label":"Zusammenfassung"},"document_id":"9BD697FD","chunk_id":"c7ryv9n4lexo7","chunk_label":"unnamed-chunk-2"}],"doc_write_time":1663163553,"working_dir":null,"default_chunk_options":{"echo":true,"warning":false},"chunk_rendered_width":655}