"0","# erstellt einen flowchart für die bessere Übersicht, wie die Auswahl der "
"0","# Aktienpicks stattfindet"
"0","grViz(""digraph flowchart {"
"0","      # definition der nodes mit dem substituierten label text"
"0","      node [fontname = Helvetica, shape = rectangle]        "
"0","      tab1 [label = '@@1']"
"0","      tab2 [label = '@@2']"
"0","      tab3 [label = '@@3']"
"0","      tab4 [label = '@@4']"
"0","      tab5 [label = '@@5']"
"0","      tab6 [label = '@@6']"
"0","      tab7 [label = '@@7']"
"0","      tab8 [label = '@@8']"
"0","      tab9 [label = '@@9']"
"0","     "
"0","      # definiert die node und die darauffolgenden mit hilfe der node id"
"0","      tab1 -> tab2 -> tab4 -> tab5 -> tab6 -> tab7"
"0","      tab1 -> tab3 -> tab8 -> tab9 -> tab6"
"0","}"
"0","      # die dargestellten Titel der nodes"
"0","      [1]: 'Stocks'"
"0","      [2]: 'Non Financial Stocks'"
"0","      [3]: 'Financial Stocks'"
"0","      [4]: 'Price lower as DCF implied share price'"
"0","      [5]: 'Top 2 highest ISP diff to Price'"
"0","      [6]: 'Picks to watch'"
"0","      [7]: 'Deeper analysis'"
"0","      [8]: 'P/B between 0 and 1.5'"
"0","      [9]: 'Top 2 lowest P/B'"
"0","      "")"
