{"chunk_definitions":[{"row":45,"row_count":1,"visible":true,"expansion_state":0,"options":{"engine":"r","label":"setup","include":false},"document_id":"9BD697FD","chunk_id":"csetup_chunk","chunk_label":"setup"},{"row":61,"row_count":1,"visible":true,"expansion_state":0,"options":{"engine":"r","label":"packages","include":false},"document_id":"9BD697FD","chunk_id":"c031cbf3uoxf6","chunk_label":"packages"},{"row":286,"row_count":1,"visible":true,"expansion_state":0,"options":{"engine":"r","label":"Flow Char Datenzuweisung"},"document_id":"9BD697FD","chunk_id":"cofj27hdm7ux0","chunk_label":"unnamed-chunk-1"},{"row":324,"row_count":1,"visible":true,"expansion_state":0,"options":{"engine":"r","label":"Flow Chart"},"document_id":"9BD697FD","chunk_id":"cz2q8ok0xc6it","chunk_label":"Flow Chart"},{"row":359,"row_count":1,"visible":true,"expansion_state":0,"options":{"engine":"r","label":"Ausgewählte Unternehmen und basics Zuweisung","results":"hide"},"document_id":"9BD697FD","chunk_id":"c5uaevlaf4vy3","chunk_label":"Ausgewählte Unternehmen und basics Zuweisung"},{"row":461,"row_count":1,"visible":true,"expansion_state":0,"options":{"engine":"r","label":"Anwendung des DCF Scrapers und Berechnungen","results":"hide"},"document_id":"9BD697FD","chunk_id":"cuwgwe3v39cbz","chunk_label":"Anwendung des DCF Scrapers und Berechnungen"},{"row":541,"row_count":1,"visible":true,"expansion_state":0,"options":{"engine":"r","label":"Auswahl der besten Aktien"},"document_id":"9BD697FD","chunk_id":"c6apugsy6bp71","chunk_label":"Auswahl der besten Aktien"},{"row":610,"row_count":1,"visible":true,"expansion_state":0,"options":{"engine":"r","label":"Stock chart vergleich"},"document_id":"9BD697FD","chunk_id":"c7ebp632kohqe","chunk_label":"Stock chart vergleich"},{"row":757,"row_count":1,"visible":true,"expansion_state":0,"options":{"engine":"r","label":"Cash Flow Table","results":"hide"},"document_id":"9BD697FD","chunk_id":"cd9ghjdu911c4","chunk_label":"Cash Flow Table"},{"row":847,"row_count":1,"visible":true,"expansion_state":0,"options":{"engine":"r","label":"Price per Share Table"},"document_id":"9BD697FD","chunk_id":"co2cc2unompy1","chunk_label":"Price per Share Table"},{"row":890,"row_count":1,"visible":true,"expansion_state":0,"options":{"engine":"r","label":"Revenue and EBIT Bar Graph","results":"hide"},"document_id":"9BD697FD","chunk_id":"cxvt2m7fbt5yb","chunk_label":"Revenue and EBIT Bar Graph"},{"row":1038,"row_count":1,"visible":true,"expansion_state":0,"options":{"engine":"r","label":"Nike, S$P500 and Competitors"},"document_id":"9BD697FD","chunk_id":"cckmpl4j2q4sm","chunk_label":"Nike"},{"row":1101,"row_count":1,"visible":true,"expansion_state":0,"options":{"engine":"r","label":"Zusammenfassung"},"document_id":"9BD697FD","chunk_id":"czw9ao67svpfa","chunk_label":"unnamed-chunk-2"},{"row":1120,"row_count":1,"visible":true,"expansion_state":0,"options":{"engine":"r","label":"Multiplot"},"document_id":"9BD697FD","chunk_id":"c08cl1ic256n3","chunk_label":"Multiplot"},{"row":1130,"row_count":1,"visible":true,"expansion_state":0,"options":{"engine":"r","label":"DCF Tabelle"},"document_id":"9BD697FD","chunk_id":"ca188kknka3qf","chunk_label":"DCF Tabelle"},{"row":1138,"row_count":1,"visible":true,"expansion_state":0,"options":{"engine":"r","label":"Revenue und EBIT barchart"},"document_id":"9BD697FD","chunk_id":"chrohn8fqxhx7","chunk_label":"Revenue und EBIT barchart"},{"row":1148,"row_count":1,"visible":true,"expansion_state":0,"options":{"engine":"r","label":"Tabellen und Plots"},"document_id":"9BD697FD","chunk_id":"cwf311b6radsq","chunk_label":"Tabellen und Plots"},{"row":1160,"row_count":1,"visible":true,"expansion_state":0,"options":{"engine":"r","label":"Return vergleich"},"document_id":"9BD697FD","chunk_id":"cz2fqhty2beny","chunk_label":"Return vergleich"},{"row":1170,"row_count":1,"visible":true,"expansion_state":0,"options":{"engine":"r","label":"TZusammenfassung"},"document_id":"9BD697FD","chunk_id":"cwc151nmtbw61","chunk_label":"TZusammenfassung"}],"doc_write_time":1663342107,"chunk_rendered_width":400,"working_dir":null,"default_chunk_options":{}}