{"chunk_definitions":[{"row":47,"row_count":1,"visible":true,"expansion_state":0,"options":{"engine":"r","label":"setup","include":false},"document_id":"9BD697FD","chunk_id":"csetup_chunk","chunk_label":"setup"},{"row":63,"row_count":1,"visible":true,"expansion_state":0,"options":{"engine":"r","label":"packages","include":false},"document_id":"9BD697FD","chunk_id":"c031cbf3uoxf6","chunk_label":"packages"},{"row":287,"row_count":1,"visible":true,"expansion_state":0,"options":{"engine":"r","label":"Flow Char Datenzuweisung"},"document_id":"9BD697FD","chunk_id":"cofj27hdm7ux0","chunk_label":"unnamed-chunk-2"},{"row":325,"row_count":1,"visible":true,"expansion_state":0,"options":{"engine":"r","label":"Flow Chart"},"document_id":"9BD697FD","chunk_id":"coef6hang4720","chunk_label":"Flow Chart"},{"row":360,"row_count":1,"visible":true,"expansion_state":0,"options":{"engine":"r","label":"Ausgewählte Unternehmen und basics Zuweisung","results":"hide"},"document_id":"9BD697FD","chunk_id":"cib609mpol1d2","chunk_label":"Ausgewählte Unternehmen und basics Zuweisung"},{"row":462,"row_count":1,"visible":true,"expansion_state":0,"options":{"engine":"r","label":"Anwendung des DCF Scrapers und Berechnungen","results":"hide"},"document_id":"9BD697FD","chunk_id":"cgy5dlpg2bi18","chunk_label":"Anwendung des DCF Scrapers und Berechnungen"},{"row":542,"row_count":1,"visible":true,"expansion_state":0,"options":{"engine":"r","label":"Auswahl der besten Aktien"},"document_id":"9BD697FD","chunk_id":"cwtsf0g0l3gx6","chunk_label":"Auswahl der besten Aktien"},{"row":611,"row_count":1,"visible":true,"expansion_state":0,"options":{"engine":"r","label":"Stock chart vergleich"},"document_id":"9BD697FD","chunk_id":"c4o4nd1pujvu2","chunk_label":"Stock chart vergleich"},{"row":759,"row_count":1,"visible":true,"expansion_state":0,"options":{"engine":"r","label":"Cash Flow Table","results":"hide"},"document_id":"9BD697FD","chunk_id":"ci9z7na78xuzu","chunk_label":"Cash Flow Table"},{"row":849,"row_count":1,"visible":true,"expansion_state":0,"options":{"engine":"r","label":"Price per Share Table"},"document_id":"9BD697FD","chunk_id":"c0u2l89y90h1m","chunk_label":"Price per Share Table"},{"row":892,"row_count":1,"visible":true,"expansion_state":0,"options":{"engine":"r","label":"Revenue and EBIT Bar Graph","results":"hide"},"document_id":"9BD697FD","chunk_id":"cxrkfvc2s4ez0","chunk_label":"Revenue and EBIT Bar Graph"},{"row":1040,"row_count":1,"visible":true,"expansion_state":0,"options":{"engine":"r","label":"Nike, S$P500 and Competitors"},"document_id":"9BD697FD","chunk_id":"cuhrq0e2qjukl","chunk_label":"Nike"},{"row":1103,"row_count":1,"visible":true,"expansion_state":0,"options":{"engine":"r","label":"Zusammenfassung"},"document_id":"9BD697FD","chunk_id":"c2d5rei7pjoel","chunk_label":"unnamed-chunk-3"},{"row":1122,"row_count":1,"visible":true,"expansion_state":0,"options":{"engine":"r","label":"Multiplot"},"document_id":"9BD697FD","chunk_id":"ckvn6tmn3wsi0","chunk_label":"Multiplot"},{"row":1132,"row_count":1,"visible":true,"expansion_state":0,"options":{"engine":"r","label":"DCF Tabelle"},"document_id":"9BD697FD","chunk_id":"cdom69dy7me3m","chunk_label":"DCF Tabelle"},{"row":1140,"row_count":1,"visible":true,"expansion_state":0,"options":{"engine":"r","label":"Revenue und EBIT barchart"},"document_id":"9BD697FD","chunk_id":"c6goflv2acsaf","chunk_label":"Revenue und EBIT barchart"},{"row":1150,"row_count":1,"visible":true,"expansion_state":0,"options":{"engine":"r","label":"Tabellen und Plots"},"document_id":"9BD697FD","chunk_id":"c1zauqvsnyg07","chunk_label":"Tabellen und Plots"},{"row":1161,"row_count":1,"visible":true,"expansion_state":0,"options":{"engine":"r","label":"Return vergleich"},"document_id":"9BD697FD","chunk_id":"cn1292aaxvb9b","chunk_label":"Return vergleich"},{"row":1174,"row_count":1,"visible":true,"expansion_state":0,"options":{"engine":"r","label":"Tabellen und Plots"},"document_id":"9BD697FD","chunk_id":"cuu4ek6fidsyb","chunk_label":"TZusammenfassung"}],"doc_write_time":1663292153,"working_dir":null,"default_chunk_options":{"echo":true,"warning":false},"chunk_rendered_width":649}