"0","# Die erste Zeile des chunks beinhaltet den Namen des chunks, sowie in diesem"
"0","# fall ein include = FALSE, was dazu führt, dass dieser chunk nicht im "
"0","# html Dokument vorkommt"
"0",""
"0"," "
"0","# ermöglich das Ändern der Voreinstellungen der chunk Optionen"
"0","# der source code wird im output dargestellt, warnings nicht"
"0","knitr::opts_chunk$set(echo = TRUE, warning = FALSE)"
"0",""
"0","# säubert das environment (packeges bleiben erhalten)"
"0","rm(list=ls())"
"0","cat(""\014"")"
"1",""
"0","# setzt das working directory auf den Pfad, in welchem die Datei gespeichert ist"
"0","# ab und an kommt Fehlermeldung zu setwd() bei Manuellem laufen lassen des chunks erscheint diese nicht"
"0","setwd(dirname(rstudioapi::getActiveDocumentContext()$path))"
"0",""
"0","# sourced die Funktionen aus dem Ordner functions aus dem WD"
"0","source(""functions/basics_data.R"")"
"0","source(""functions/basics_assignement.R"")"
"0","source(""functions/DCF_scraper.R"")"
"0","source(""functions/calenderization.R"")"
"0","source(""functions/DCF_data_calculation.R"")"
"0","source(""functions/WACC_calculation.R"")"
"0","source(""functions/Impliedshareprice_calculation.R"")"
"0","source(""functions/PB_data_calc.R"")"
