{
    "sources": [
        {
            "URL": "https://github.com/rich-iannone/DiagrammeR",
            "author": [
                {
                    "family": "Iannone",
                    "given": "Richard"
                }
            ],
            "id": "R-DiagrammeR",
            "issued": {
                "date-parts": [
                    [
                        2022
                    ]
                ]
            },
            "note": "R package version 1.0.9",
            "title": "DiagrammeR: Graph/network visualization",
            "title-short": "DiagrammeR",
            "type": "book"
        },
        {
            "URL": "https://CRAN.R-project.org/package=glue",
            "author": [
                {
                    "family": "Hester",
                    "given": "Jim"
                },
                {
                    "family": "Bryan",
                    "given": "Jennifer"
                }
            ],
            "id": "R-glue",
            "issued": {
                "date-parts": [
                    [
                        2022
                    ]
                ]
            },
            "note": "R package version 1.6.2",
            "title": "Glue: Interpreted string literals",
            "title-short": "Glue",
            "type": "book"
        },
        {
            "URL": "https://CRAN.R-project.org/package=gridExtra",
            "author": [
                {
                    "family": "Auguie",
                    "given": "Baptiste"
                }
            ],
            "id": "R-gridExtra",
            "issued": {
                "date-parts": [
                    [
                        2017
                    ]
                ]
            },
            "note": "R package version 2.3",
            "title": "gridExtra: Miscellaneous functions for \"grid\" graphics",
            "title-short": "gridExtra",
            "type": "book"
        },
        {
            "URL": "https://CRAN.R-project.org/package=gt",
            "author": [
                {
                    "family": "Iannone",
                    "given": "Richard"
                },
                {
                    "family": "Cheng",
                    "given": "Joe"
                },
                {
                    "family": "Schloerke",
                    "given": "Barret"
                },
                {
                    "family": "Hughes",
                    "given": "Ellis"
                }
            ],
            "id": "R-gt",
            "issued": {
                "date-parts": [
                    [
                        2022
                    ]
                ]
            },
            "note": "R package version 0.7.0",
            "title": "Gt: Easily create presentation-ready display tables",
            "title-short": "Gt",
            "type": "book"
        },
        {
            "URL": "https://CRAN.R-project.org/package=quantmod",
            "author": [
                {
                    "family": "Ryan",
                    "given": "Jeffrey A."
                },
                {
                    "family": "Ulrich",
                    "given": "Joshua M."
                }
            ],
            "id": "R-quantmod",
            "issued": {
                "date-parts": [
                    [
                        2022
                    ]
                ]
            },
            "note": "R package version 0.4.20",
            "title": "Quantmod: Quantitative financial modelling framework",
            "title-short": "Quantmod",
            "type": "book"
        },
        {
            "URL": "https://github.com/hadley/reshape",
            "author": [
                {
                    "family": "Wickham",
                    "given": "Hadley"
                }
            ],
            "id": "R-reshape2",
            "issued": {
                "date-parts": [
                    [
                        2020
                    ]
                ]
            },
            "note": "R package version 1.4.4",
            "title": "reshape2: Flexibly reshape data: A reboot of the reshape package",
            "title-short": "reshape2",
            "type": "book"
        },
        {
            "URL": "https://CRAN.R-project.org/package=rvest",
            "author": [
                {
                    "family": "Wickham",
                    "given": "Hadley"
                }
            ],
            "id": "R-rvest",
            "issued": {
                "date-parts": [
                    [
                        2021
                    ]
                ]
            },
            "note": "R package version 1.0.2",
            "title": "Rvest: Easily harvest (scrape) web pages",
            "title-short": "Rvest",
            "type": "book"
        },
        {
            "URL": "https://github.com/business-science/tidyquant",
            "author": [
                {
                    "family": "Dancho",
                    "given": "Matt"
                },
                {
                    "family": "Vaughan",
                    "given": "Davis"
                }
            ],
            "id": "R-tidyquant",
            "issued": {
                "date-parts": [
                    [
                        2022
                    ]
                ]
            },
            "note": "R package version 1.0.4",
            "title": "Tidyquant: Tidy quantitative financial analysis",
            "title-short": "Tidyquant",
            "type": "book"
        },
        {
            "URL": "https://CRAN.R-project.org/package=tidyverse",
            "author": [
                {
                    "family": "Wickham",
                    "given": "Hadley"
                }
            ],
            "id": "R-tidyverse",
            "issued": {
                "date-parts": [
                    [
                        2021
                    ]
                ]
            },
            "note": "R package version 1.3.1",
            "title": "Tidyverse: Easily install and load the tidyverse",
            "title-short": "Tidyverse",
            "type": "book"
        },
        {
            "URL": "http://www.jstatsoft.org/v21/i12/",
            "author": [
                {
                    "family": "Wickham",
                    "given": "Hadley"
                }
            ],
            "container-title": "Journal of Statistical Software",
            "id": "reshape22007",
            "issue": "12",
            "issued": {
                "date-parts": [
                    [
                        2007
                    ]
                ]
            },
            "page": "1-20",
            "title": "Reshaping data with the reshape package",
            "type": "article-journal",
            "volume": "21"
        },
        {
            "DOI": "10.21105/joss.01686",
            "author": [
                {
                    "family": "Wickham",
                    "given": "Hadley"
                },
                {
                    "family": "Averick",
                    "given": "Mara"
                },
                {
                    "family": "Bryan",
                    "given": "Jennifer"
                },
                {
                    "family": "Chang",
                    "given": "Winston"
                },
                {
                    "family": "McGowan",
                    "given": "Lucy D’Agostino"
                },
                {
                    "family": "François",
                    "given": "Romain"
                },
                {
                    "family": "Grolemund",
                    "given": "Garrett"
                },
                {
                    "family": "Hayes",
                    "given": "Alex"
                },
                {
                    "family": "Henry",
                    "given": "Lionel"
                },
                {
                    "family": "Hester",
                    "given": "Jim"
                },
                {
                    "family": "Kuhn",
                    "given": "Max"
                },
                {
                    "family": "Pedersen",
                    "given": "Thomas Lin"
                },
                {
                    "family": "Miller",
                    "given": "Evan"
                },
                {
                    "family": "Bache",
                    "given": "Stephan Milton"
                },
                {
                    "family": "Müller",
                    "given": "Kirill"
                },
                {
                    "family": "Ooms",
                    "given": "Jeroen"
                },
                {
                    "family": "Robinson",
                    "given": "David"
                },
                {
                    "family": "Seidel",
                    "given": "Dana Paige"
                },
                {
                    "family": "Spinu",
                    "given": "Vitalie"
                },
                {
                    "family": "Takahashi",
                    "given": "Kohske"
                },
                {
                    "family": "Vaughan",
                    "given": "Davis"
                },
                {
                    "family": "Wilke",
                    "given": "Claus"
                },
                {
                    "family": "Woo",
                    "given": "Kara"
                },
                {
                    "family": "Yutani",
                    "given": "Hiroaki"
                }
            ],
            "container-title": "Journal of Open Source Software",
            "id": "tidyverse2019",
            "issue": "43",
            "issued": {
                "date-parts": [
                    [
                        2019
                    ]
                ]
            },
            "page": "1686",
            "title": "Welcome to the tidyverse",
            "type": "article-journal",
            "volume": "4"
        },
        {
            "URL": "https://pages.stern.nyu.edu/~adamodar/New_Home_Page/datafile/ctryprem.html",
            "author": [
                {
                    "family": "Damodaran",
                    "given": "Aswath"
                }
            ],
            "container-title": "Pages at the Stern School of Business, New York University",
            "id": "countryriskpremium",
            "issued": {
                "date-parts": [
                    [
                        2022,
                        1
                    ]
                ]
            },
            "title": "Country default spreads and risk premiums",
            "type": ""
        },
        {
            "URL": "https://www.n-tv.de/wirtschaft/Die-neuen-Corona-Aktionaere-article22267264.html",
            "author": [
                {
                    "family": "Borowski",
                    "given": "Max"
                }
            ],
            "container-title": "n-TV Nachrichten",
            "id": "boomkleinanleger",
            "issued": {
                "date-parts": [
                    [
                        2021,
                        1
                    ]
                ]
            },
            "publisher": "n-tv NACHRICHTEN",
            "title": "Die neuen corona-aktionäre",
            "type": ""
        },
        {
            "DOI": "10.1111/0022-1082.00164",
            "author": [
                {
                    "family": "Lee",
                    "given": "Charles M."
                },
                {
                    "family": "Myers",
                    "given": "James"
                },
                {
                    "family": "Swaminathan",
                    "given": "Bhaskaran"
                }
            ],
            "container-title": "The Journal of Finance",
            "id": "lee_myers_swaminathan_1999",
            "issue": "5",
            "issued": {
                "date-parts": [
                    [
                        1999
                    ]
                ]
            },
            "page": "1693-1741",
            "title": "What is the intrinsic value of the dow?",
            "type": "article-journal",
            "volume": "54"
        },
        {
            "URL": "https://pages.stern.nyu.edu/~adamodar/pdfiles/valn2ed/",
            "author": [
                {
                    "family": "Damadoran",
                    "given": "Aswath"
                }
            ],
            "container-title": "Damodaran Online",
            "id": "firmvaluation",
            "title": "Chapter 15:FIRM VALUATION: COST OF CAPITAL AND APV APPROACHES",
            "title-short": "Chapter 15",
            "type": ""
        },
        {
            "DOI": "10.5430/afr.v2n2p36",
            "author": [
                {
                    "family": "Grüninger",
                    "given": "Matthias C."
                },
                {
                    "family": "Kind",
                    "given": "Axel H."
                }
            ],
            "container-title": "Accounting and Finance Research",
            "id": "WACC",
            "issue": "2",
            "issued": {
                "date-parts": [
                    [
                        2013
                    ]
                ]
            },
            "title": "WACC calculations in practice: Incorrect results due to inconsistent assumptions - status quo and improvements",
            "title-short": "WACC calculations in practice",
            "type": "article-journal",
            "volume": "2"
        },
        {
            "DOI": "10.2991/emehss-18.2018.124",
            "author": [
                {
                    "family": "Dong",
                    "given": "Yanqing"
                }
            ],
            "container-title": "Proceedings of the 2nd International Conference on Economics and Management, Education, Humanities and Social Sciences (EMEHSS 2018)",
            "id": "entval",
            "issued": {
                "date-parts": [
                    [
                        2018
                    ]
                ]
            },
            "title": "Enterprise value evaluation based on FCFF model - a case analysis of beixinyuan company",
            "type": "article-journal"
        },
        {
            "URL": "https://levelup.gitconnected.com/yahoo-finance-web-scraping-with-r-5584d226c3a6",
            "author": [
                {
                    "family": "Gokarn",
                    "given": "Mallika"
                }
            ],
            "container-title": "Medium",
            "id": "scraper",
            "issued": {
                "date-parts": [
                    [
                        2021,
                        2
                    ]
                ]
            },
            "publisher": "Level Up Coding",
            "title": "Yahoo finance web scraping with r",
            "type": ""
        },
        {
            "URL": "https://datascienceplus.com/how-to-build-a-simple-flowchart-with-r-diagrammer-package/",
            "author": [
                {
                    "family": "Dhana",
                    "given": "Anisa"
                }
            ],
            "container-title": "DataScience+",
            "id": "flowchart",
            "issued": {
                "date-parts": [
                    [
                        2019,
                        3
                    ]
                ]
            },
            "title": "How to build a simple flowchart with r: Diagrammer package",
            "title-short": "How to build a simple flowchart with r",
            "type": ""
        },
        {
            "URL": "https://www.codingfinance.com/post/2018-03-27-download-price/",
            "author": [
                {
                    "family": "D",
                    "given": "D"
                }
            ],
            "container-title": "How to download stock prices in R",
            "id": "findata",
            "issued": {
                "date-parts": [
                    [
                        2018,
                        4
                    ]
                ]
            },
            "title": "How to dowload stock prices in r",
            "type": ""
        },
        {
            "URL": "https://www.hfshr.xyz/posts/2020-05-02-pretty-tables-with-gt/",
            "author": [
                {
                    "family": "Fisher",
                    "given": "Harry"
                }
            ],
            "container-title": "Data Code &amp; Coffee",
            "id": "gttables",
            "issued": {
                "date-parts": [
                    [
                        2020,
                        5
                    ]
                ]
            },
            "title": "Pretty tables with GT.",
            "type": ""
        },
        {
            "URL": "https://cran.r-project.org/web/packages/gridExtra/vignettes/tableGrob.html",
            "author": [
                {
                    "family": "Auguie",
                    "given": "Baptiste"
                }
            ],
            "container-title": "cran.r-project.org",
            "id": "grob",
            "issued": {
                "date-parts": [
                    [
                        2017,
                        9
                    ]
                ]
            },
            "title": "Displaying tables as grid graphics",
            "type": ""
        },
        {
            "URL": "https://www.gevestor.de/finanzwissen/oekonomie/rankings/das-sind-die-groessten-sportartikelhersteller-der-welt-nach-umsatz-708416.html",
            "author": [
                {
                    "family": "Hartmann",
                    "given": "Ralf"
                }
            ],
            "container-title": "Gevestor",
            "id": "marktführer",
            "issued": {
                "date-parts": [
                    [
                        2021,
                        4
                    ]
                ]
            },
            "title": "Das sind 2021 die größten sportartikelhersteller der welt nach umsatz",
            "type": ""
        }
    ],
    "project_biblios": []
}