[{"name":"htmlwidgets","version":"1.5.4","src":{"file":"www"},"meta":null,"script":"htmlwidgets.js","stylesheet":null,"head":null,"attachment":null,"package":"htmlwidgets","all_files":true},{"name":"viz","version":"1.8.2","src":{"file":"htmlwidgets\/lib\/viz"},"meta":null,"script":"viz.js","stylesheet":null,"head":null,"attachment":null,"package":"DiagrammeR","all_files":true},{"name":"DiagrammeR-styles","version":"0.2","src":{"file":"htmlwidgets\/lib\/styles"},"meta":null,"script":null,"stylesheet":"styles.css","head":null,"attachment":null,"package":"DiagrammeR","all_files":true},{"name":"grViz-binding","version":"1.0.9","src":{"file":"htmlwidgets"},"meta":null,"script":"grViz.js","stylesheet":null,"head":null,"attachment":null,"package":"DiagrammeR","all_files":false}]
