"0","# erstellt einen flowchart für die Erklärung der Datenzuweisung"
"0","grViz(""digraph flowchart {"
"0","        # graph statement"
"0",""
"0","         graph [layout = dot,"
"0","         rankdir = TB,"
"0","         fontsize = 8]"
"0",""
"0","  # definition der nodes mit dem substituierten label text"
"0","      node [fontname = Helvetica, shape = rectangle]        "
"0","      tab1 [label = '@@1']"
"0","      tab2 [label = '@@2']"
"0","      tab3 [label = '@@3']"
"0","      tab4 [label = '@@4']"
"0","      tab5 [label = '@@5']"
"0","      tab6 [label = '@@6']"
"0","      tab7 [label = '@@7']"
"0","      tab8 [label = '@@8']"
"0","     "
"0","      # edges"
"0","      # definiert die node und die darauffolgenden mit hilfe der node id"
"0","      tab1 -> tab2 -> tab3 -> tab4 -> tab6 ->tab8 "
"0","      tab4 -> tab7 "
"0","      tab7 -> tab5[label = 'counter + 1']"
"0","      tab5 -> tab1"
"0","}"
"0",""
"0","      # die dargestellten Titel der nodes"
"0","      [1]: 'ticker'"
"0","      [2]: 'Data Scraping'"
"0","      [3]: 'Data Assignement'"
"0","      [4]: 'last row of df?'"
"0","      [5]: 'next Row'"
"0","      [6]: 'true'"
"0","      [7]: 'false' "
"0","      [8]: 'assignement finished'"
"0","    "")"
