{"chunk_definitions":[{"row":44,"row_count":1,"visible":true,"expansion_state":0,"options":{"engine":"r","label":"setup","include":false},"document_id":"9BD697FD","chunk_id":"csetup_chunk","chunk_label":"setup"},{"row":57,"row_count":1,"visible":true,"expansion_state":0,"options":{"engine":"r","label":"packages","include":false},"document_id":"9BD697FD","chunk_id":"c031cbf3uoxf6","chunk_label":"packages"},{"row":281,"row_count":1,"visible":true,"expansion_state":0,"options":{"engine":"r","label":"Flow Char Datenzuweisung"},"document_id":"9BD697FD","chunk_id":"cofj27hdm7ux0","chunk_label":"unnamed-chunk-1"},{"row":319,"row_count":1,"visible":true,"expansion_state":0,"options":{"engine":"r","label":"Flow Chart"},"document_id":"9BD697FD","chunk_id":"cbfdtkg7r4frj","chunk_label":"Flow Chart"},{"row":354,"row_count":1,"visible":true,"expansion_state":0,"options":{"engine":"r","label":"Ausgewählte Unternehmen und basics Zuweisung","results":"hide"},"document_id":"9BD697FD","chunk_id":"c2nprlyetf57w","chunk_label":"Ausgewählte Unternehmen und basics Zuweisung"},{"row":456,"row_count":1,"visible":true,"expansion_state":0,"options":{"engine":"r","label":"Anwendung des DCF Scrapers und Berechnungen","results":"hide"},"document_id":"9BD697FD","chunk_id":"cjlh5okh0wzos","chunk_label":"Anwendung des DCF Scrapers und Berechnungen"},{"row":536,"row_count":1,"visible":true,"expansion_state":0,"options":{"engine":"r","label":"Auswahl der besten Aktien"},"document_id":"9BD697FD","chunk_id":"c3954mxdufemj","chunk_label":"Auswahl der besten Aktien"},{"row":605,"row_count":1,"visible":true,"expansion_state":0,"options":{"engine":"r","label":"Stock chart vergleich"},"document_id":"9BD697FD","chunk_id":"cyxg94wf4tjda","chunk_label":"Stock chart vergleich"},{"row":753,"row_count":1,"visible":true,"expansion_state":0,"options":{"engine":"r","label":"Cash Flow Table","results":"hide"},"document_id":"9BD697FD","chunk_id":"c1kwrtw7wbxey","chunk_label":"Cash Flow Table"},{"row":844,"row_count":1,"visible":true,"expansion_state":0,"options":{"engine":"r","label":"Price per Share Table"},"document_id":"9BD697FD","chunk_id":"cwsjk50oagv4j","chunk_label":"Price per Share Table"},{"row":887,"row_count":1,"visible":true,"expansion_state":0,"options":{"engine":"r","label":"Revenue and EBIT Bar Graph","results":"hide"},"document_id":"9BD697FD","chunk_id":"cvsrm73dz3u1b","chunk_label":"Revenue and EBIT Bar Graph"},{"row":1035,"row_count":1,"visible":true,"expansion_state":0,"options":{"engine":"r","label":"Nike, S$P500 and Competitors"},"document_id":"9BD697FD","chunk_id":"c765umbngkfhl","chunk_label":"Nike"},{"row":1098,"row_count":1,"visible":true,"expansion_state":0,"options":{"engine":"r","label":"Zusammenfassung"},"document_id":"9BD697FD","chunk_id":"cj00m310jdiz0","chunk_label":"unnamed-chunk-2"},{"row":1128,"row_count":1,"visible":true,"expansion_state":0,"options":{"engine":"r","label":"Multiplot"},"document_id":"9BD697FD","chunk_id":"c597dal9mr94f","chunk_label":"Tabellen und Plots"}],"doc_write_time":1663282703,"working_dir":null,"default_chunk_options":{"echo":true,"warning":false}}