"0","# erstellt einen data frame für die graphische Projektion des EBIT und Revenues"
"0","bar_graph_data <- bind_cols(DCF_calc_data$calended_data[1],"
"0","                            round(DCF_calc_data$calended_data[2:3]/1000000))"
"0","colnames(bar_graph_data) <- c(""Year"",""Revenue"",""EBIT"")"
"0",""
"0","# mithilfe der melt funktion wird der data frame so verschmolzen, das sich dieser"
"0","# besser für die darstellung eines bar graphs eignet, die id sind hier die Jahre"
"0","# und das Total Revenue und Ebit werden in einer col dargestellt"
"0","mel_bar_data <- reshape2::melt(bar_graph_data, id.var = ""Year"")"
"0",""
"0","# erstellt einen bar graph "
"0","bar_graph_rev_EBIT  <- ggplot(mel_bar_data, aes(x=Year, y=value,"
"0","                                                fill = variable)) + "
"0","  geom_bar(stat = ""identity"", position = ""dodge"")+"
"0","  # classic theme für schönere Darstellung"
"0","  theme_classic()+"
"0","  # verschiebt die Legenede oberhalb des Graphens und entfernt den Legenden Namen"
"0","  theme(legend.position=""top"","
"0","        legend.title=element_blank())+"
"0","  # ändert den y-Achsen Titel"
"0","  ylab(""USD in Millions"")+"
"0","  # passt die Beschriftung der x-Achse an und dreht diese um 45°"
"0","  theme(axis.text.x = element_text(angle = 45, vjust = 0.5))+"
"0","  # hiermit wird die x_Achsen Beschriftung konstant angezeigt wie sie im"
"0","  # data frame enthalten ist"
"0","  scale_x_continuous(""Year"", labels = as.character(bar_graph_data$Year),"
"0","                     breaks = bar_graph_data$Year)+"
"0","# Fügt dem Graphen einen Titel hinzu"
"0"," ggtitle(""Revenue and EBIT development"")"
"0",""
