"0",""
"0","# die durch das picking ausgewählten Unternehmen werden dem vektor ticker "
"0","# zugewiesen"
"0","ticker <- picks$Ticker"
"0",""
"0","# Zählt 5 Jahre zurück und setzt dieses Datum als Start Datum für die Graphen  "
"0","start_date <- ymd(format(Sys.Date())) - years(5)"
"0",""
"0","# läd die Preis Daten im Zeitraum t - 5 Jahre und heute herunter"
"0","prices <- tq_get(ticker,"
"0","                 from = start_date,"
"0","                 to = format(Sys.Date()),"
"0","                 get = ""stock.prices"")"
"0",""
"0","# nennt die col symbol in ticker um (da bisher so gehandhabt)"
"0","prices <- prices %>% "
"0","    rename("
"0","      ticker = symbol,"
"0","    )"
"0",""
"0","# berechnet den Mittelwert der Preise für die ticker und fasst diese zusammen"
"0","mean_prices <- prices %>% group_by(ticker)%>%summarise(mean=mean(adjusted))"
"0",""
"0","# erstellt einen data frame für die Währung in welcher die Unternehmensdaten"
"0","# veröffentlicht wurden arrangiert diese so, dass sie dem Unternehmen zugewiesen"
"0","# werden kann"
"0","curr <- picks %>% arrange(Ticker)"
"0","curr <- curr$Currency"
"0","curr <- data.frame(curr)"
"0","mean_prices <- bind_cols(mean_prices, curr)"
"0",""
"0","picks_plot <- prices %>%"
"0","          ggplot(aes(x = date, y = adjusted, color = ticker)) +"
"0","          geom_line()+"
"0","          # fügt eine linie ein, welche den mittelwert abbildet"
"0","          geom_hline(data = mean_prices, aes(yintercept = mean, color = ticker))+"
"0","          # sapltet die sonst in einem diagramm dargestellten 4 Unternehmen "
"0","          # in 4 einzelne diagramme auf"
"0","          facet_wrap(~ticker,scales = 'free_y')+"
"0","          # sauberers theme"
"0","          theme_classic()+"
"0","          # bennent den Titel und x und y Achse des Diagramms"
"0","          labs(x = 'Year',"
"0","           y = ""Adjusted Price"","
"0","           title = ""Stocks to watch"") +"
"0","           scale_x_date(date_breaks = ""year"","
"0","               date_labels = ""%y"")+"
"0","          # Fügt den Mittelwert incl. der Währung über der Mittelwertlinie ein"
"0","          geom_text(data = mean_prices, aes(x = prices$date[300], y = mean, "
"0","                    label = paste(""avg."", round(mean,2), curr), vjust = -2), "
"0","                    show.legend = F)"
"0","          "
