"0","# Erstellen eines PLots nur für Nike und einfügen der Kerndaten"
"0","ticker <- ""NKE"""
"0",""
"0","# entnimmt die Preise für die eingefügten Ticker (incl. Volumen)"
"0","prices <- tq_get(ticker,"
"0","                 from = start_date,"
"0","                 to = format(Sys.Date()),"
"0","                 get = ""stock.prices"")"
"0",""
"0","# ändert den col Namen symbol zu ticker"
"0","prices <- prices %>% "
"0","    rename("
"0","      ticker = symbol,"
"0","    )"
"0","# durschnittlicher Aktienkurs der letzten 5 Jahre von Nike"
"0","mean_NKE_price <- round(mean(prices$adjusted),2)"
"0","mean_NKE_price <- data.frame(mean_NKE_price)"
"0",""
"0","# Fügt Kerndaten zu einem df zusammen"
"0","Stock_info <- c(Stock$list[5],Stock$list[6],"
"0","                        PPS_data$`2022`[6], round(PPS_data$`2022`[8]*100))"
"0","Stock_info <- data.frame(Stock_info)"
"0",""
"0","colnames(Stock_info) <- c(""Price [$]"", ""P/E"", ""ISP"",""Discount [%]"" )"
"0",""
"0","# erstellt einen plot für den ticker in welchem Kerndaten enthalten sind"
"0","# sowie der Aktienkurs der ltezten 5 Jahre"
"0","ticker_plot <- prices %>%"
"0","          ggplot(aes(x = date, y = adjusted, color = ticker)) +"
"0","          geom_line()+"
"0","          # fügt den Mittelwert in Form einer Linie ein"
"0","          geom_hline(data = mean_NKE_price, aes(yintercept = mean_NKE_price,"
"0","                                                color = ticker))+"
"0","          # fügt den Implied Share Price in Form einer Linie ein"
"0","          geom_hline(data = Stock_info, aes(yintercept = ISP, colour = ""ISP""),"
"0","                                                show.legend = F)+"
"0","          theme_classic()+"
"0","          labs(x = 'Year',"
"0","           y = ""Stock Price in USD"","
"0","           title = ""Nike Stock Price past 5 Years"")+"
"0","          # fügt den Linien ober die dazugehörende Werten hinzu"
"0","          geom_text(data = mean_NKE_price, aes(x = prices$date[250],"
"0","                                              y = mean_NKE_price, "
"0","                                              label = paste(""avg."","
"0","                                            mean_NKE_price, Stock$list$Currency), "
"0","                                            vjust = -0.3), show.legend = F)+"
"0","          theme(legend.position=""right"","
"0","          legend.title=element_blank())"
"0",""
"0","# entfernt optisch den Reihennamen damit die Tabelle besser im Plot aussieht"
"0","rownames(Stock_info) <- """""
"0",""
"0","# ändert die col Namen, da col 3 und 4 als der aktuelle ISP bzw PE angezeigt werden"
"0","colnames(Stock_info) <- c(""Price [$]"", ""P/E"", ""ISP [$]"",""Discount [%]"" )"
"0",""
"0","# fügt den df Stock_Info mit dem theme tt2 in den plot ein"
"0","ticker_plot <- ticker_plot +"
"0","  annotation_custom(tableGrob(Stock_info, theme = tt2), xmin=prices$date[400], "
"0","                    xmax=prices$date[450], ymin=160, ymax=170)"
"0",""
